-- Users
INSERT INTO users (id, email, display_name, created_at) VALUES ('user_10000001', 'customer1@oshieru.com', '顧客1', 1757066905207);
INSERT INTO users (id, email, display_name, created_at) VALUES ('user_10000002', 'customer2@oshieru.com', '顧客2', 1757066905208);
INSERT INTO users (id, email, display_name, created_at) VALUES ('user_10000003', 'customer3@oshieru.com', '顧客3', 1757066905208);

-- Accounts
INSERT INTO accounts (id, user_id, kind, name, balance_cached, created_at) VALUES ('acc_life_10000001', 'user_10000001', 'life', '生活口座', 380000, 1757066905207);
INSERT INTO accounts (id, user_id, kind, name, balance_cached, created_at) VALUES ('acc_oshi_10000001', 'user_10000001', 'oshi', '推し活口座', 0, 1757066905207);
INSERT INTO accounts (id, user_id, kind, name, balance_cached, created_at) VALUES ('acc_life_10000002', 'user_10000002', 'life', '生活口座', 1399999, 1757066905208);
INSERT INTO accounts (id, user_id, kind, name, balance_cached, created_at) VALUES ('acc_oshi_10000002', 'user_10000002', 'oshi', '推し活口座', 0, 1757066905208);
INSERT INTO accounts (id, user_id, kind, name, balance_cached, created_at) VALUES ('acc_life_10000003', 'user_10000003', 'life', '生活口座', 230, 1757066905208);
INSERT INTO accounts (id, user_id, kind, name, balance_cached, created_at) VALUES ('acc_oshi_10000003', 'user_10000003', 'oshi', '推し活口座', 0, 1757066905208);

-- Transactions
INSERT INTO transactions (id, account_id, amount, sign, purpose, memo, original_description, is_auto_categorized, is_pending, can_edit, original_code, event_at, created_at) VALUES ('tx_10000001_0', 'acc_life_10000001', 8300, 'out', 'other', '借入返済金', '借入返済金', 0, 0, 1, 16700, 1724716800000, 1757066905208);
INSERT INTO transactions (id, account_id, amount, sign, purpose, memo, original_description, is_auto_categorized, is_pending, can_edit, original_code, event_at, created_at) VALUES ('tx_10000001_1', 'acc_life_10000001', 500000, 'out', 'other', 'クレジットカード', 'クレジットカード', 0, 1, 1, 11000, 1724716800000, 1757066905208);
INSERT INTO transactions (id, account_id, amount, sign, purpose, memo, original_description, is_auto_categorized, is_pending, can_edit, original_code, event_at, created_at) VALUES ('tx_10000001_2', 'acc_life_10000001', 1470, 'out', 'other', 'クレジットカード', 'クレジットカード', 0, 1, 1, 11400, 1724630400000, 1757066905208);
INSERT INTO transactions (id, account_id, amount, sign, purpose, memo, original_description, is_auto_categorized, is_pending, can_edit, original_code, event_at, created_at) VALUES ('tx_10000001_3', 'acc_life_10000001', 300000, 'in', 'salary', '給与振込', '給与振込', 1, 0, 1, 2000, 1724371200000, 1757066905208);
INSERT INTO transactions (id, account_id, amount, sign, purpose, memo, original_description, is_auto_categorized, is_pending, can_edit, original_code, event_at, created_at) VALUES ('tx_10000001_4', 'acc_life_10000001', 9500, 'out', 'other', 'クレジットカード', 'クレジットカード', 0, 1, 1, 11000, 1723507200000, 1757066905208);
INSERT INTO transactions (id, account_id, amount, sign, purpose, memo, original_description, is_auto_categorized, is_pending, can_edit, original_code, event_at, created_at) VALUES ('tx_10000001_5', 'acc_life_10000001', 24000, 'out', 'other', '他行被仕向', '他行被仕向', 0, 0, 1, 10500, 1723420800000, 1757066905208);
INSERT INTO transactions (id, account_id, amount, sign, purpose, memo, original_description, is_auto_categorized, is_pending, can_edit, original_code, event_at, created_at) VALUES ('tx_10000001_6', 'acc_life_10000001', 220, 'out', 'utilities', 'ネット利用料', 'ネット利用料', 1, 0, 1, 17302, 1723420800000, 1757066905208);
INSERT INTO transactions (id, account_id, amount, sign, purpose, memo, original_description, is_auto_categorized, is_pending, can_edit, original_code, event_at, created_at) VALUES ('tx_10000001_7', 'acc_life_10000001', 338, 'in', 'other', '預金利息', '預金利息', 1, 0, 1, 8000, 1723334400000, 1757066905208);
INSERT INTO transactions (id, account_id, amount, sign, purpose, memo, original_description, is_auto_categorized, is_pending, can_edit, original_code, event_at, created_at) VALUES ('tx_10000001_8', 'acc_life_10000001', 20000, 'out', 'other', 'その他振替', 'その他振替', 0, 1, 1, 17000, 1722556800000, 1757066905208);
INSERT INTO transactions (id, account_id, amount, sign, purpose, memo, original_description, is_auto_categorized, is_pending, can_edit, original_code, event_at, created_at) VALUES ('tx_10000001_9', 'acc_life_10000001', 660, 'in', 'other', 'キャッシュバック', 'キャッシュバック', 1, 0, 1, 51000, 1722470400000, 1757066905208);
INSERT INTO transactions (id, account_id, amount, sign, purpose, memo, original_description, is_auto_categorized, is_pending, can_edit, original_code, event_at, created_at) VALUES ('tx_10000001_10', 'acc_life_10000001', 100000, 'in', 'other', '振込', '振込', 0, 1, 1, 2600, 1722297600000, 1757066905208);
INSERT INTO transactions (id, account_id, amount, sign, purpose, memo, original_description, is_auto_categorized, is_pending, can_edit, original_code, event_at, created_at) VALUES ('tx_10000001_11', 'acc_life_10000001', 8300, 'out', 'other', '借入返済金', '借入返済金', 0, 0, 1, 16700, 1722211200000, 1757066905208);
INSERT INTO transactions (id, account_id, amount, sign, purpose, memo, original_description, is_auto_categorized, is_pending, can_edit, original_code, event_at, created_at) VALUES ('tx_10000001_12', 'acc_life_10000001', 380000, 'out', 'other', 'クレジットカード', 'クレジットカード', 0, 1, 1, 11000, 1722211200000, 1757066905208);
INSERT INTO transactions (id, account_id, amount, sign, purpose, memo, original_description, is_auto_categorized, is_pending, can_edit, original_code, event_at, created_at) VALUES ('tx_10000001_13', 'acc_life_10000001', 1600, 'out', 'other', 'クレジットカード', 'クレジットカード', 0, 1, 1, 11400, 1721952000000, 1757066905208);
INSERT INTO transactions (id, account_id, amount, sign, purpose, memo, original_description, is_auto_categorized, is_pending, can_edit, original_code, event_at, created_at) VALUES ('tx_10000001_14', 'acc_life_10000001', 6800, 'out', 'other', 'クレジットカード', 'クレジットカード', 0, 1, 1, 11400, 1721952000000, 1757066905208);
INSERT INTO transactions (id, account_id, amount, sign, purpose, memo, original_description, is_auto_categorized, is_pending, can_edit, original_code, event_at, created_at) VALUES ('tx_10000001_15', 'acc_life_10000001', 310000, 'in', 'salary', '給与振込', '給与振込', 1, 0, 1, 2000, 1721865600000, 1757066905208);
INSERT INTO transactions (id, account_id, amount, sign, purpose, memo, original_description, is_auto_categorized, is_pending, can_edit, original_code, event_at, created_at) VALUES ('tx_10000001_16', 'acc_life_10000001', 110, 'out', 'other', 'コンビニＡＴＭ利用料', 'コンビニＡＴＭ利用料', 1, 0, 1, 17305, 1721692800000, 1757066905208);
INSERT INTO transactions (id, account_id, amount, sign, purpose, memo, original_description, is_auto_categorized, is_pending, can_edit, original_code, event_at, created_at) VALUES ('tx_10000001_17', 'acc_life_10000001', 44000, 'out', 'other', '銀行間提携', '銀行間提携', 0, 1, 1, 10600, 1721692800000, 1757066905208);
INSERT INTO transactions (id, account_id, amount, sign, purpose, memo, original_description, is_auto_categorized, is_pending, can_edit, original_code, event_at, created_at) VALUES ('tx_10000001_18', 'acc_life_10000001', 220, 'out', 'other', 'コンビニＡＴＭ利用料', 'コンビニＡＴＭ利用料', 1, 0, 1, 17305, 1720828800000, 1757066905208);
INSERT INTO transactions (id, account_id, amount, sign, purpose, memo, original_description, is_auto_categorized, is_pending, can_edit, original_code, event_at, created_at) VALUES ('tx_10000001_19', 'acc_life_10000001', 20000, 'out', 'other', '銀行間提携', '銀行間提携', 0, 1, 1, 10600, 1720828800000, 1757066905208);
INSERT INTO transactions (id, account_id, amount, sign, purpose, memo, original_description, is_auto_categorized, is_pending, can_edit, original_code, event_at, created_at) VALUES ('tx_10000001_20', 'acc_life_10000001', 9000, 'out', 'other', 'クレジットカード', 'クレジットカード', 0, 1, 1, 11000, 1720569600000, 1757066905208);
INSERT INTO transactions (id, account_id, amount, sign, purpose, memo, original_description, is_auto_categorized, is_pending, can_edit, original_code, event_at, created_at) VALUES ('tx_10000001_21', 'acc_life_10000001', 30000, 'out', 'other', '郵貯提携', '郵貯提携', 0, 0, 1, 10200, 1720310400000, 1757066905208);
INSERT INTO transactions (id, account_id, amount, sign, purpose, memo, original_description, is_auto_categorized, is_pending, can_edit, original_code, event_at, created_at) VALUES ('tx_10000001_22', 'acc_life_10000001', 220, 'out', 'other', '郵貯利用料', '郵貯利用料', 0, 0, 1, 17303, 1720310400000, 1757066905208);
INSERT INTO transactions (id, account_id, amount, sign, purpose, memo, original_description, is_auto_categorized, is_pending, can_edit, original_code, event_at, created_at) VALUES ('tx_10000001_23', 'acc_life_10000001', 30000, 'in', 'other', '振込', '振込', 0, 1, 1, 2600, 1719964800000, 1757066905208);
INSERT INTO transactions (id, account_id, amount, sign, purpose, memo, original_description, is_auto_categorized, is_pending, can_edit, original_code, event_at, created_at) VALUES ('tx_10000001_24', 'acc_life_10000001', 20000, 'out', 'other', '銀行間提携', '銀行間提携', 0, 1, 1, 10600, 1719878400000, 1757066905208);
INSERT INTO transactions (id, account_id, amount, sign, purpose, memo, original_description, is_auto_categorized, is_pending, can_edit, original_code, event_at, created_at) VALUES ('tx_10000001_25', 'acc_life_10000001', 20000, 'out', 'other', 'その他振替', 'その他振替', 0, 1, 1, 17000, 1719878400000, 1757066905208);
INSERT INTO transactions (id, account_id, amount, sign, purpose, memo, original_description, is_auto_categorized, is_pending, can_edit, original_code, event_at, created_at) VALUES ('tx_10000001_26', 'acc_life_10000001', 20000, 'in', 'other', '振込', '振込', 0, 1, 1, 2600, 1719878400000, 1757066905208);
INSERT INTO transactions (id, account_id, amount, sign, purpose, memo, original_description, is_auto_categorized, is_pending, can_edit, original_code, event_at, created_at) VALUES ('tx_10000001_27', 'acc_life_10000001', 110, 'out', 'other', 'コンビニＡＴＭ利用料', 'コンビニＡＴＭ利用料', 1, 0, 1, 17305, 1719878400000, 1757066905208);
INSERT INTO transactions (id, account_id, amount, sign, purpose, memo, original_description, is_auto_categorized, is_pending, can_edit, original_code, event_at, created_at) VALUES ('tx_10000001_28', 'acc_life_10000001', 110, 'in', 'other', 'ＩＢ振込手数料キャッシュバック', 'ＩＢ振込手数料キャッシュバック', 1, 0, 1, 57400, 1719792000000, 1757066905208);
INSERT INTO transactions (id, account_id, amount, sign, purpose, memo, original_description, is_auto_categorized, is_pending, can_edit, original_code, event_at, created_at) VALUES ('tx_10000001_29', 'acc_life_10000001', 880, 'in', 'other', 'キャッシュバック', 'キャッシュバック', 1, 0, 1, 51000, 1719792000000, 1757066905208);
INSERT INTO transactions (id, account_id, amount, sign, purpose, memo, original_description, is_auto_categorized, is_pending, can_edit, original_code, event_at, created_at) VALUES ('tx_10000001_30', 'acc_life_10000001', 220, 'out', 'utilities', 'ネット利用料', 'ネット利用料', 1, 0, 1, 17302, 1719619200000, 1757066905208);
INSERT INTO transactions (id, account_id, amount, sign, purpose, memo, original_description, is_auto_categorized, is_pending, can_edit, original_code, event_at, created_at) VALUES ('tx_10000001_31', 'acc_life_10000001', 40000, 'out', 'other', '他行被仕向', '他行被仕向', 0, 0, 1, 10500, 1719619200000, 1757066905208);
INSERT INTO transactions (id, account_id, amount, sign, purpose, memo, original_description, is_auto_categorized, is_pending, can_edit, original_code, event_at, created_at) VALUES ('tx_10000001_32', 'acc_life_10000001', 8000, 'out', 'other', '借入返済金', '借入返済金', 0, 0, 1, 16700, 1719446400000, 1757066905208);
INSERT INTO transactions (id, account_id, amount, sign, purpose, memo, original_description, is_auto_categorized, is_pending, can_edit, original_code, event_at, created_at) VALUES ('tx_10000001_33', 'acc_life_10000001', 350000, 'out', 'other', 'クレジットカード', 'クレジットカード', 0, 1, 1, 11000, 1719446400000, 1757066905208);
INSERT INTO transactions (id, account_id, amount, sign, purpose, memo, original_description, is_auto_categorized, is_pending, can_edit, original_code, event_at, created_at) VALUES ('tx_10000001_34', 'acc_life_10000001', 13000, 'out', 'other', 'クレジットカード', 'クレジットカード', 0, 1, 1, 11400, 1719360000000, 1757066905208);
INSERT INTO transactions (id, account_id, amount, sign, purpose, memo, original_description, is_auto_categorized, is_pending, can_edit, original_code, event_at, created_at) VALUES ('tx_10000001_35', 'acc_life_10000001', 110, 'out', 'utilities', 'ネット利用料', 'ネット利用料', 1, 0, 1, 17302, 1719273600000, 1757066905208);
INSERT INTO transactions (id, account_id, amount, sign, purpose, memo, original_description, is_auto_categorized, is_pending, can_edit, original_code, event_at, created_at) VALUES ('tx_10000001_36', 'acc_life_10000001', 380000, 'in', 'salary', '給与振込', '給与振込', 1, 0, 1, 2000, 1719273600000, 1757066905208);
INSERT INTO transactions (id, account_id, amount, sign, purpose, memo, original_description, is_auto_categorized, is_pending, can_edit, original_code, event_at, created_at) VALUES ('tx_10000001_37', 'acc_life_10000001', 22000, 'out', 'other', '他行被仕向', '他行被仕向', 0, 0, 1, 10500, 1719273600000, 1757066905208);
INSERT INTO transactions (id, account_id, amount, sign, purpose, memo, original_description, is_auto_categorized, is_pending, can_edit, original_code, event_at, created_at) VALUES ('tx_10000001_38', 'acc_life_10000001', 220, 'out', 'other', 'コンビニＡＴＭ利用料', 'コンビニＡＴＭ利用料', 1, 0, 1, 17305, 1718582400000, 1757066905208);
INSERT INTO transactions (id, account_id, amount, sign, purpose, memo, original_description, is_auto_categorized, is_pending, can_edit, original_code, event_at, created_at) VALUES ('tx_10000001_39', 'acc_life_10000001', 40000, 'out', 'other', '銀行間提携', '銀行間提携', 0, 1, 1, 10600, 1718582400000, 1757066905208);
INSERT INTO transactions (id, account_id, amount, sign, purpose, memo, original_description, is_auto_categorized, is_pending, can_edit, original_code, event_at, created_at) VALUES ('tx_10000001_40', 'acc_life_10000001', 60000, 'out', 'other', '銀行間提携', '銀行間提携', 0, 1, 1, 10600, 1718409600000, 1757066905208);
INSERT INTO transactions (id, account_id, amount, sign, purpose, memo, original_description, is_auto_categorized, is_pending, can_edit, original_code, event_at, created_at) VALUES ('tx_10000001_41', 'acc_life_10000001', 110, 'out', 'other', 'コンビニＡＴＭ利用料', 'コンビニＡＴＭ利用料', 1, 0, 1, 17305, 1718409600000, 1757066905208);
INSERT INTO transactions (id, account_id, amount, sign, purpose, memo, original_description, is_auto_categorized, is_pending, can_edit, original_code, event_at, created_at) VALUES ('tx_10000001_42', 'acc_life_10000001', 220, 'out', 'other', 'コンビニＡＴＭ利用料', 'コンビニＡＴＭ利用料', 1, 0, 1, 17305, 1718064000000, 1757066905208);
INSERT INTO transactions (id, account_id, amount, sign, purpose, memo, original_description, is_auto_categorized, is_pending, can_edit, original_code, event_at, created_at) VALUES ('tx_10000001_43', 'acc_life_10000001', 30000, 'out', 'other', '銀行間提携', '銀行間提携', 0, 1, 1, 10600, 1718064000000, 1757066905208);
INSERT INTO transactions (id, account_id, amount, sign, purpose, memo, original_description, is_auto_categorized, is_pending, can_edit, original_code, event_at, created_at) VALUES ('tx_10000001_44', 'acc_life_10000001', 9000, 'out', 'other', 'クレジットカード', 'クレジットカード', 0, 1, 1, 11000, 1717977600000, 1757066905208);
INSERT INTO transactions (id, account_id, amount, sign, purpose, memo, original_description, is_auto_categorized, is_pending, can_edit, original_code, event_at, created_at) VALUES ('tx_10000001_45', 'acc_life_10000001', 110, 'out', 'other', '振込手数料（ＩＢ）', '振込手数料（ＩＢ）', 1, 0, 1, 22301, 1717977600000, 1757066905208);
INSERT INTO transactions (id, account_id, amount, sign, purpose, memo, original_description, is_auto_categorized, is_pending, can_edit, original_code, event_at, created_at) VALUES ('tx_10000001_46', 'acc_life_10000001', 3300, 'out', 'other', 'インターネット振込', 'インターネット振込', 0, 1, 1, 22800, 1717977600000, 1757066905208);
INSERT INTO transactions (id, account_id, amount, sign, purpose, memo, original_description, is_auto_categorized, is_pending, can_edit, original_code, event_at, created_at) VALUES ('tx_10000001_47', 'acc_life_10000001', 550000, 'in', 'salary', '賞与振込', '賞与振込', 1, 0, 1, 2100, 1717977600000, 1757066905208);
INSERT INTO transactions (id, account_id, amount, sign, purpose, memo, original_description, is_auto_categorized, is_pending, can_edit, original_code, event_at, created_at) VALUES ('tx_10000001_48', 'acc_life_10000001', 25000, 'out', 'other', 'その他振替', 'その他振替', 0, 1, 1, 17000, 1717372800000, 1757066905208);
INSERT INTO transactions (id, account_id, amount, sign, purpose, memo, original_description, is_auto_categorized, is_pending, can_edit, original_code, event_at, created_at) VALUES ('tx_10000001_49', 'acc_life_10000001', 49000, 'in', 'other', '振込', '振込', 0, 1, 1, 2600, 1717372800000, 1757066905208);
INSERT INTO transactions (id, account_id, amount, sign, purpose, memo, original_description, is_auto_categorized, is_pending, can_edit, original_code, event_at, created_at) VALUES ('tx_10000001_50', 'acc_life_10000001', 440, 'in', 'other', 'キャッシュバック', 'キャッシュバック', 1, 0, 1, 51000, 1717372800000, 1757066905208);
INSERT INTO transactions (id, account_id, amount, sign, purpose, memo, original_description, is_auto_categorized, is_pending, can_edit, original_code, event_at, created_at) VALUES ('tx_10000002_0', 'acc_life_10000002', 110, 'out', 'other', '振込手数料（ＩＢ）', '振込手数料（ＩＢ）', 1, 0, 1, 22301, 1724976000000, 1757066905208);
INSERT INTO transactions (id, account_id, amount, sign, purpose, memo, original_description, is_auto_categorized, is_pending, can_edit, original_code, event_at, created_at) VALUES ('tx_10000002_1', 'acc_life_10000002', 8900, 'out', 'utilities', '電気料金', '電気料金', 1, 0, 1, 15000, 1724976000000, 1757066905208);
INSERT INTO transactions (id, account_id, amount, sign, purpose, memo, original_description, is_auto_categorized, is_pending, can_edit, original_code, event_at, created_at) VALUES ('tx_10000002_2', 'acc_life_10000002', 100000, 'out', 'other', 'インターネット振込', 'インターネット振込', 0, 1, 1, 22800, 1724976000000, 1757066905208);
INSERT INTO transactions (id, account_id, amount, sign, purpose, memo, original_description, is_auto_categorized, is_pending, can_edit, original_code, event_at, created_at) VALUES ('tx_10000002_3', 'acc_life_10000002', 412000, 'in', 'salary', '給与振込', '給与振込', 1, 0, 1, 2000, 1724976000000, 1757066905208);
INSERT INTO transactions (id, account_id, amount, sign, purpose, memo, original_description, is_auto_categorized, is_pending, can_edit, original_code, event_at, created_at) VALUES ('tx_10000002_4', 'acc_life_10000002', 812, 'in', 'other', '振込', '振込', 0, 1, 1, 2600, 1724716800000, 1757066905208);
INSERT INTO transactions (id, account_id, amount, sign, purpose, memo, original_description, is_auto_categorized, is_pending, can_edit, original_code, event_at, created_at) VALUES ('tx_10000002_5', 'acc_life_10000002', 9999, 'out', 'other', '生命保険料', '生命保険料', 1, 0, 1, 16500, 1724716800000, 1757066905208);
INSERT INTO transactions (id, account_id, amount, sign, purpose, memo, original_description, is_auto_categorized, is_pending, can_edit, original_code, event_at, created_at) VALUES ('tx_10000002_6', 'acc_life_10000002', 94000, 'out', 'other', 'クレジットカード', 'クレジットカード', 0, 1, 1, 11000, 1724716800000, 1757066905208);
INSERT INTO transactions (id, account_id, amount, sign, purpose, memo, original_description, is_auto_categorized, is_pending, can_edit, original_code, event_at, created_at) VALUES ('tx_10000002_7', 'acc_life_10000002', 108000, 'out', 'other', '証書貸付', '証書貸付', 0, 0, 1, 6700, 1724630400000, 1757066905208);
INSERT INTO transactions (id, account_id, amount, sign, purpose, memo, original_description, is_auto_categorized, is_pending, can_edit, original_code, event_at, created_at) VALUES ('tx_10000002_8', 'acc_life_10000002', 17000, 'out', 'other', 'その他振替', 'その他振替', 0, 1, 1, 17000, 1724112000000, 1757066905208);
INSERT INTO transactions (id, account_id, amount, sign, purpose, memo, original_description, is_auto_categorized, is_pending, can_edit, original_code, event_at, created_at) VALUES ('tx_10000002_9', 'acc_life_10000002', 26300, 'out', 'other', 'クレジットカード', 'クレジットカード', 0, 1, 1, 11400, 1723507200000, 1757066905208);
INSERT INTO transactions (id, account_id, amount, sign, purpose, memo, original_description, is_auto_categorized, is_pending, can_edit, original_code, event_at, created_at) VALUES ('tx_10000002_10', 'acc_life_10000002', 1100, 'in', 'other', '預金利息', '預金利息', 1, 0, 1, 8000, 1723334400000, 1757066905208);
INSERT INTO transactions (id, account_id, amount, sign, purpose, memo, original_description, is_auto_categorized, is_pending, can_edit, original_code, event_at, created_at) VALUES ('tx_10000002_11', 'acc_life_10000002', 30000, 'out', 'other', '銀行間提携', '銀行間提携', 0, 1, 1, 10600, 1723248000000, 1757066905208);
INSERT INTO transactions (id, account_id, amount, sign, purpose, memo, original_description, is_auto_categorized, is_pending, can_edit, original_code, event_at, created_at) VALUES ('tx_10000002_12', 'acc_life_10000002', 110, 'out', 'other', 'コンビニＡＴＭ利用料', 'コンビニＡＴＭ利用料', 1, 0, 1, 17305, 1723248000000, 1757066905208);
INSERT INTO transactions (id, account_id, amount, sign, purpose, memo, original_description, is_auto_categorized, is_pending, can_edit, original_code, event_at, created_at) VALUES ('tx_10000002_13', 'acc_life_10000002', 110, 'out', 'other', 'コンビニＡＴＭ利用料', 'コンビニＡＴＭ利用料', 1, 0, 1, 17305, 1722988800000, 1757066905208);
INSERT INTO transactions (id, account_id, amount, sign, purpose, memo, original_description, is_auto_categorized, is_pending, can_edit, original_code, event_at, created_at) VALUES ('tx_10000002_14', 'acc_life_10000002', 15000, 'out', 'other', '銀行間提携', '銀行間提携', 0, 1, 1, 10600, 1722988800000, 1757066905208);
INSERT INTO transactions (id, account_id, amount, sign, purpose, memo, original_description, is_auto_categorized, is_pending, can_edit, original_code, event_at, created_at) VALUES ('tx_10000002_15', 'acc_life_10000002', 1900, 'in', 'other', '振込', '振込', 0, 1, 1, 2600, 1722902400000, 1757066905208);
INSERT INTO transactions (id, account_id, amount, sign, purpose, memo, original_description, is_auto_categorized, is_pending, can_edit, original_code, event_at, created_at) VALUES ('tx_10000002_16', 'acc_life_10000002', 14600, 'out', 'other', 'その他振替', 'その他振替', 0, 1, 1, 17000, 1722816000000, 1757066905208);
INSERT INTO transactions (id, account_id, amount, sign, purpose, memo, original_description, is_auto_categorized, is_pending, can_edit, original_code, event_at, created_at) VALUES ('tx_10000002_17', 'acc_life_10000002', 660, 'in', 'other', 'キャッシュバック', 'キャッシュバック', 1, 0, 1, 51000, 1722470400000, 1757066905208);
INSERT INTO transactions (id, account_id, amount, sign, purpose, memo, original_description, is_auto_categorized, is_pending, can_edit, original_code, event_at, created_at) VALUES ('tx_10000002_18', 'acc_life_10000002', 29000, 'out', 'other', '固定資産税', '固定資産税', 0, 0, 1, 14200, 1722384000000, 1757066905208);
INSERT INTO transactions (id, account_id, amount, sign, purpose, memo, original_description, is_auto_categorized, is_pending, can_edit, original_code, event_at, created_at) VALUES ('tx_10000002_19', 'acc_life_10000002', 400000, 'in', 'salary', '給与振込', '給与振込', 1, 0, 1, 2000, 1722384000000, 1757066905208);
INSERT INTO transactions (id, account_id, amount, sign, purpose, memo, original_description, is_auto_categorized, is_pending, can_edit, original_code, event_at, created_at) VALUES ('tx_10000002_20', 'acc_life_10000002', 9000, 'out', 'utilities', '電話料金', '電話料金', 1, 0, 1, 15400, 1722384000000, 1757066905208);
INSERT INTO transactions (id, account_id, amount, sign, purpose, memo, original_description, is_auto_categorized, is_pending, can_edit, original_code, event_at, created_at) VALUES ('tx_10000002_21', 'acc_life_10000002', 6800, 'out', 'utilities', '電気料金', '電気料金', 1, 0, 1, 15000, 1722297600000, 1757066905208);
INSERT INTO transactions (id, account_id, amount, sign, purpose, memo, original_description, is_auto_categorized, is_pending, can_edit, original_code, event_at, created_at) VALUES ('tx_10000002_22', 'acc_life_10000002', 9999, 'out', 'other', '生命保険料', '生命保険料', 1, 0, 1, 16500, 1722211200000, 1757066905208);
INSERT INTO transactions (id, account_id, amount, sign, purpose, memo, original_description, is_auto_categorized, is_pending, can_edit, original_code, event_at, created_at) VALUES ('tx_10000002_23', 'acc_life_10000002', 253000, 'out', 'other', 'クレジットカード', 'クレジットカード', 0, 1, 1, 11000, 1722211200000, 1757066905208);
INSERT INTO transactions (id, account_id, amount, sign, purpose, memo, original_description, is_auto_categorized, is_pending, can_edit, original_code, event_at, created_at) VALUES ('tx_10000002_24', 'acc_life_10000002', 220, 'out', 'other', 'コンビニＡＴＭ利用料', 'コンビニＡＴＭ利用料', 1, 0, 1, 17305, 1722038400000, 1757066905208);
INSERT INTO transactions (id, account_id, amount, sign, purpose, memo, original_description, is_auto_categorized, is_pending, can_edit, original_code, event_at, created_at) VALUES ('tx_10000002_25', 'acc_life_10000002', 15000, 'out', 'other', '銀行間提携', '銀行間提携', 0, 1, 1, 10600, 1722038400000, 1757066905208);
INSERT INTO transactions (id, account_id, amount, sign, purpose, memo, original_description, is_auto_categorized, is_pending, can_edit, original_code, event_at, created_at) VALUES ('tx_10000002_26', 'acc_life_10000002', 108000, 'out', 'other', '証書貸付', '証書貸付', 0, 0, 1, 6700, 1721952000000, 1757066905208);
INSERT INTO transactions (id, account_id, amount, sign, purpose, memo, original_description, is_auto_categorized, is_pending, can_edit, original_code, event_at, created_at) VALUES ('tx_10000002_27', 'acc_life_10000002', 15000, 'out', 'other', '他行被仕向', '他行被仕向', 0, 0, 1, 10500, 1721692800000, 1757066905208);
INSERT INTO transactions (id, account_id, amount, sign, purpose, memo, original_description, is_auto_categorized, is_pending, can_edit, original_code, event_at, created_at) VALUES ('tx_10000002_28', 'acc_life_10000002', 110, 'out', 'utilities', 'ネット利用料', 'ネット利用料', 1, 0, 1, 17302, 1721692800000, 1757066905208);
INSERT INTO transactions (id, account_id, amount, sign, purpose, memo, original_description, is_auto_categorized, is_pending, can_edit, original_code, event_at, created_at) VALUES ('tx_10000002_29', 'acc_life_10000002', 3500, 'out', 'other', '水道料金', '水道料金', 0, 0, 1, 15200, 1721606400000, 1757066905208);
INSERT INTO transactions (id, account_id, amount, sign, purpose, memo, original_description, is_auto_categorized, is_pending, can_edit, original_code, event_at, created_at) VALUES ('tx_10000002_30', 'acc_life_10000002', 17000, 'out', 'other', 'その他振替', 'その他振替', 0, 1, 1, 17000, 1721606400000, 1757066905208);
INSERT INTO transactions (id, account_id, amount, sign, purpose, memo, original_description, is_auto_categorized, is_pending, can_edit, original_code, event_at, created_at) VALUES ('tx_10000002_31', 'acc_life_10000002', 15000, 'out', 'other', '銀行間提携', '銀行間提携', 0, 1, 1, 10600, 1721088000000, 1757066905208);
INSERT INTO transactions (id, account_id, amount, sign, purpose, memo, original_description, is_auto_categorized, is_pending, can_edit, original_code, event_at, created_at) VALUES ('tx_10000002_32', 'acc_life_10000002', 110, 'out', 'other', 'コンビニＡＴＭ利用料', 'コンビニＡＴＭ利用料', 1, 0, 1, 17305, 1721088000000, 1757066905208);
INSERT INTO transactions (id, account_id, amount, sign, purpose, memo, original_description, is_auto_categorized, is_pending, can_edit, original_code, event_at, created_at) VALUES ('tx_10000002_33', 'acc_life_10000002', 1000, 'out', 'other', 'クレジットカード', 'クレジットカード', 0, 1, 1, 11400, 1720569600000, 1757066905208);
INSERT INTO transactions (id, account_id, amount, sign, purpose, memo, original_description, is_auto_categorized, is_pending, can_edit, original_code, event_at, created_at) VALUES ('tx_10000002_34', 'acc_life_10000002', 23000, 'out', 'other', 'その他振替', 'その他振替', 0, 1, 1, 17000, 1720051200000, 1757066905208);
INSERT INTO transactions (id, account_id, amount, sign, purpose, memo, original_description, is_auto_categorized, is_pending, can_edit, original_code, event_at, created_at) VALUES ('tx_10000002_35', 'acc_life_10000002', 220, 'out', 'other', '郵貯利用料', '郵貯利用料', 0, 0, 1, 17303, 1719792000000, 1757066905208);
INSERT INTO transactions (id, account_id, amount, sign, purpose, memo, original_description, is_auto_categorized, is_pending, can_edit, original_code, event_at, created_at) VALUES ('tx_10000002_36', 'acc_life_10000002', 110, 'in', 'other', 'ＩＢ振込手数料キャッシュバック', 'ＩＢ振込手数料キャッシュバック', 1, 0, 1, 57400, 1719792000000, 1757066905208);
INSERT INTO transactions (id, account_id, amount, sign, purpose, memo, original_description, is_auto_categorized, is_pending, can_edit, original_code, event_at, created_at) VALUES ('tx_10000002_37', 'acc_life_10000002', 330, 'in', 'other', 'キャッシュバック', 'キャッシュバック', 1, 0, 1, 51000, 1719792000000, 1757066905208);
INSERT INTO transactions (id, account_id, amount, sign, purpose, memo, original_description, is_auto_categorized, is_pending, can_edit, original_code, event_at, created_at) VALUES ('tx_10000002_38', 'acc_life_10000002', 9200, 'out', 'utilities', '電話料金', '電話料金', 1, 0, 1, 15400, 1719792000000, 1757066905208);
INSERT INTO transactions (id, account_id, amount, sign, purpose, memo, original_description, is_auto_categorized, is_pending, can_edit, original_code, event_at, created_at) VALUES ('tx_10000002_39', 'acc_life_10000002', 25000, 'out', 'other', '郵貯提携', '郵貯提携', 0, 0, 1, 10200, 1719792000000, 1757066905208);
INSERT INTO transactions (id, account_id, amount, sign, purpose, memo, original_description, is_auto_categorized, is_pending, can_edit, original_code, event_at, created_at) VALUES ('tx_10000002_40', 'acc_life_10000002', 110, 'out', 'other', '振込手数料（ＩＢ）', '振込手数料（ＩＢ）', 1, 0, 1, 22301, 1719532800000, 1757066905208);
INSERT INTO transactions (id, account_id, amount, sign, purpose, memo, original_description, is_auto_categorized, is_pending, can_edit, original_code, event_at, created_at) VALUES ('tx_10000002_41', 'acc_life_10000002', 777777, 'in', 'salary', '給与振込', '給与振込', 1, 0, 1, 2000, 1719532800000, 1757066905208);
INSERT INTO transactions (id, account_id, amount, sign, purpose, memo, original_description, is_auto_categorized, is_pending, can_edit, original_code, event_at, created_at) VALUES ('tx_10000002_42', 'acc_life_10000002', 6666, 'out', 'utilities', '電気料金', '電気料金', 1, 0, 1, 15000, 1719532800000, 1757066905208);
INSERT INTO transactions (id, account_id, amount, sign, purpose, memo, original_description, is_auto_categorized, is_pending, can_edit, original_code, event_at, created_at) VALUES ('tx_10000002_43', 'acc_life_10000002', 60000, 'out', 'other', 'インターネット振込', 'インターネット振込', 0, 1, 1, 22800, 1719532800000, 1757066905208);
INSERT INTO transactions (id, account_id, amount, sign, purpose, memo, original_description, is_auto_categorized, is_pending, can_edit, original_code, event_at, created_at) VALUES ('tx_10000002_44', 'acc_life_10000002', 9999, 'out', 'other', '生命保険料', '生命保険料', 1, 0, 1, 16500, 1719446400000, 1757066905208);
INSERT INTO transactions (id, account_id, amount, sign, purpose, memo, original_description, is_auto_categorized, is_pending, can_edit, original_code, event_at, created_at) VALUES ('tx_10000002_45', 'acc_life_10000002', 99999, 'out', 'other', 'クレジットカード', 'クレジットカード', 0, 1, 1, 11000, 1719446400000, 1757066905208);
INSERT INTO transactions (id, account_id, amount, sign, purpose, memo, original_description, is_auto_categorized, is_pending, can_edit, original_code, event_at, created_at) VALUES ('tx_10000002_46', 'acc_life_10000002', 10800, 'out', 'other', '証書貸付', '証書貸付', 0, 0, 1, 6700, 1719360000000, 1757066905208);
INSERT INTO transactions (id, account_id, amount, sign, purpose, memo, original_description, is_auto_categorized, is_pending, can_edit, original_code, event_at, created_at) VALUES ('tx_10000002_47', 'acc_life_10000002', 3800, 'in', 'other', '振込', '振込', 0, 1, 1, 2600, 1719273600000, 1757066905208);
INSERT INTO transactions (id, account_id, amount, sign, purpose, memo, original_description, is_auto_categorized, is_pending, can_edit, original_code, event_at, created_at) VALUES ('tx_10000002_48', 'acc_life_10000002', 17000, 'out', 'other', 'その他振替', 'その他振替', 0, 1, 1, 17000, 1718841600000, 1757066905208);
INSERT INTO transactions (id, account_id, amount, sign, purpose, memo, original_description, is_auto_categorized, is_pending, can_edit, original_code, event_at, created_at) VALUES ('tx_10000002_49', 'acc_life_10000002', 6000, 'out', 'other', 'クレジットカード', 'クレジットカード', 0, 1, 1, 11400, 1717977600000, 1757066905208);
INSERT INTO transactions (id, account_id, amount, sign, purpose, memo, original_description, is_auto_categorized, is_pending, can_edit, original_code, event_at, created_at) VALUES ('tx_10000002_50', 'acc_life_10000002', 20000, 'out', 'other', '銀行間提携', '銀行間提携', 0, 1, 1, 10600, 1717977600000, 1757066905208);
INSERT INTO transactions (id, account_id, amount, sign, purpose, memo, original_description, is_auto_categorized, is_pending, can_edit, original_code, event_at, created_at) VALUES ('tx_10000002_51', 'acc_life_10000002', 110, 'out', 'other', 'コンビニＡＴＭ利用料', 'コンビニＡＴＭ利用料', 1, 0, 1, 17305, 1717977600000, 1757066905208);
INSERT INTO transactions (id, account_id, amount, sign, purpose, memo, original_description, is_auto_categorized, is_pending, can_edit, original_code, event_at, created_at) VALUES ('tx_10000002_52', 'acc_life_10000002', 7000, 'out', 'other', 'その他振替', 'その他振替', 0, 1, 1, 17000, 1717459200000, 1757066905208);
INSERT INTO transactions (id, account_id, amount, sign, purpose, memo, original_description, is_auto_categorized, is_pending, can_edit, original_code, event_at, created_at) VALUES ('tx_10000002_53', 'acc_life_10000002', 660, 'in', 'other', 'キャッシュバック', 'キャッシュバック', 1, 0, 1, 51000, 1717372800000, 1757066905208);
INSERT INTO transactions (id, account_id, amount, sign, purpose, memo, original_description, is_auto_categorized, is_pending, can_edit, original_code, event_at, created_at) VALUES ('tx_10000002_54', 'acc_life_10000002', 25000, 'out', 'other', '銀行間提携', '銀行間提携', 0, 1, 1, 10600, 1717286400000, 1757066905208);
INSERT INTO transactions (id, account_id, amount, sign, purpose, memo, original_description, is_auto_categorized, is_pending, can_edit, original_code, event_at, created_at) VALUES ('tx_10000002_55', 'acc_life_10000002', 220, 'out', 'other', 'コンビニＡＴＭ利用料', 'コンビニＡＴＭ利用料', 1, 0, 1, 17305, 1717286400000, 1757066905208);
INSERT INTO transactions (id, account_id, amount, sign, purpose, memo, original_description, is_auto_categorized, is_pending, can_edit, original_code, event_at, created_at) VALUES ('tx_10000003_0', 'acc_life_10000003', 4500, 'out', 'other', 'インターネット振込', 'インターネット振込', 0, 1, 1, 22800, 1724803200000, 1757066905208);
INSERT INTO transactions (id, account_id, amount, sign, purpose, memo, original_description, is_auto_categorized, is_pending, can_edit, original_code, event_at, created_at) VALUES ('tx_10000003_1', 'acc_life_10000003', 110, 'out', 'other', '振込手数料（ＩＢ）', '振込手数料（ＩＢ）', 1, 0, 1, 22301, 1724803200000, 1757066905208);
INSERT INTO transactions (id, account_id, amount, sign, purpose, memo, original_description, is_auto_categorized, is_pending, can_edit, original_code, event_at, created_at) VALUES ('tx_10000003_2', 'acc_life_10000003', 14141, 'out', 'other', '借入返済金', '借入返済金', 0, 0, 1, 16700, 1724716800000, 1757066905208);
INSERT INTO transactions (id, account_id, amount, sign, purpose, memo, original_description, is_auto_categorized, is_pending, can_edit, original_code, event_at, created_at) VALUES ('tx_10000003_3', 'acc_life_10000003', 5777, 'out', 'other', '生命保険料', '生命保険料', 1, 0, 1, 16500, 1724630400000, 1757066905208);
INSERT INTO transactions (id, account_id, amount, sign, purpose, memo, original_description, is_auto_categorized, is_pending, can_edit, original_code, event_at, created_at) VALUES ('tx_10000003_4', 'acc_life_10000003', 29000, 'in', 'other', '振込', '振込', 0, 1, 1, 2600, 1724544000000, 1757066905208);
INSERT INTO transactions (id, account_id, amount, sign, purpose, memo, original_description, is_auto_categorized, is_pending, can_edit, original_code, event_at, created_at) VALUES ('tx_10000003_5', 'acc_life_10000003', 110, 'out', 'other', '振込手数料（ＩＢ）', '振込手数料（ＩＢ）', 1, 0, 1, 22301, 1724544000000, 1757066905208);
INSERT INTO transactions (id, account_id, amount, sign, purpose, memo, original_description, is_auto_categorized, is_pending, can_edit, original_code, event_at, created_at) VALUES ('tx_10000003_6', 'acc_life_10000003', 5500, 'out', 'other', 'インターネット振込', 'インターネット振込', 0, 1, 1, 22800, 1724544000000, 1757066905208);
INSERT INTO transactions (id, account_id, amount, sign, purpose, memo, original_description, is_auto_categorized, is_pending, can_edit, original_code, event_at, created_at) VALUES ('tx_10000003_7', 'acc_life_10000003', 110, 'out', 'other', '振込手数料（ＩＢ）', '振込手数料（ＩＢ）', 1, 0, 1, 22301, 1723680000000, 1757066905208);
INSERT INTO transactions (id, account_id, amount, sign, purpose, memo, original_description, is_auto_categorized, is_pending, can_edit, original_code, event_at, created_at) VALUES ('tx_10000003_8', 'acc_life_10000003', 31520, 'out', 'other', 'インターネット振込', 'インターネット振込', 0, 1, 1, 22800, 1723680000000, 1757066905208);
INSERT INTO transactions (id, account_id, amount, sign, purpose, memo, original_description, is_auto_categorized, is_pending, can_edit, original_code, event_at, created_at) VALUES ('tx_10000003_9', 'acc_life_10000003', 327474, 'in', 'salary', '給与振込', '給与振込', 1, 0, 1, 2000, 1723680000000, 1757066905208);
INSERT INTO transactions (id, account_id, amount, sign, purpose, memo, original_description, is_auto_categorized, is_pending, can_edit, original_code, event_at, created_at) VALUES ('tx_10000003_10', 'acc_life_10000003', 130, 'out', 'other', 'インターネット振込', 'インターネット振込', 0, 1, 1, 22800, 1723507200000, 1757066905208);
INSERT INTO transactions (id, account_id, amount, sign, purpose, memo, original_description, is_auto_categorized, is_pending, can_edit, original_code, event_at, created_at) VALUES ('tx_10000003_11', 'acc_life_10000003', 110, 'out', 'other', '振込手数料（ＩＢ）', '振込手数料（ＩＢ）', 1, 0, 1, 22301, 1723507200000, 1757066905208);
INSERT INTO transactions (id, account_id, amount, sign, purpose, memo, original_description, is_auto_categorized, is_pending, can_edit, original_code, event_at, created_at) VALUES ('tx_10000003_12', 'acc_life_10000003', 17, 'in', 'other', '預金利息', '預金利息', 1, 0, 1, 8000, 1723334400000, 1757066905208);
INSERT INTO transactions (id, account_id, amount, sign, purpose, memo, original_description, is_auto_categorized, is_pending, can_edit, original_code, event_at, created_at) VALUES ('tx_10000003_13', 'acc_life_10000003', 110, 'out', 'other', '振込手数料（ＩＢ）', '振込手数料（ＩＢ）', 1, 0, 1, 22301, 1723248000000, 1757066905208);
INSERT INTO transactions (id, account_id, amount, sign, purpose, memo, original_description, is_auto_categorized, is_pending, can_edit, original_code, event_at, created_at) VALUES ('tx_10000003_14', 'acc_life_10000003', 8500, 'out', 'other', 'インターネット振込', 'インターネット振込', 0, 1, 1, 22800, 1723248000000, 1757066905208);
INSERT INTO transactions (id, account_id, amount, sign, purpose, memo, original_description, is_auto_categorized, is_pending, can_edit, original_code, event_at, created_at) VALUES ('tx_10000003_15', 'acc_life_10000003', 7997, 'in', 'other', '振込', '振込', 0, 1, 1, 2600, 1723161600000, 1757066905208);
INSERT INTO transactions (id, account_id, amount, sign, purpose, memo, original_description, is_auto_categorized, is_pending, can_edit, original_code, event_at, created_at) VALUES ('tx_10000003_16', 'acc_life_10000003', 550, 'in', 'other', 'ＩＢ振込手数料キャッシュバック', 'ＩＢ振込手数料キャッシュバック', 1, 0, 1, 57400, 1722470400000, 1757066905208);
INSERT INTO transactions (id, account_id, amount, sign, purpose, memo, original_description, is_auto_categorized, is_pending, can_edit, original_code, event_at, created_at) VALUES ('tx_10000003_17', 'acc_life_10000003', 220, 'in', 'other', 'キャッシュバック', 'キャッシュバック', 1, 0, 1, 51000, 1722470400000, 1757066905208);
INSERT INTO transactions (id, account_id, amount, sign, purpose, memo, original_description, is_auto_categorized, is_pending, can_edit, original_code, event_at, created_at) VALUES ('tx_10000003_18', 'acc_life_10000003', 110, 'out', 'other', '振込手数料（ＩＢ）', '振込手数料（ＩＢ）', 1, 0, 1, 22301, 1722384000000, 1757066905208);
INSERT INTO transactions (id, account_id, amount, sign, purpose, memo, original_description, is_auto_categorized, is_pending, can_edit, original_code, event_at, created_at) VALUES ('tx_10000003_19', 'acc_life_10000003', 24242, 'in', 'salary', '賞与振込', '賞与振込', 1, 0, 1, 2100, 1722384000000, 1757066905208);
INSERT INTO transactions (id, account_id, amount, sign, purpose, memo, original_description, is_auto_categorized, is_pending, can_edit, original_code, event_at, created_at) VALUES ('tx_10000003_20', 'acc_life_10000003', 6666, 'out', 'utilities', '電話料金', '電話料金', 1, 0, 1, 15400, 1722384000000, 1757066905208);
INSERT INTO transactions (id, account_id, amount, sign, purpose, memo, original_description, is_auto_categorized, is_pending, can_edit, original_code, event_at, created_at) VALUES ('tx_10000003_21', 'acc_life_10000003', 235000, 'out', 'other', 'インターネット振込', 'インターネット振込', 0, 1, 1, 22800, 1722384000000, 1757066905208);
INSERT INTO transactions (id, account_id, amount, sign, purpose, memo, original_description, is_auto_categorized, is_pending, can_edit, original_code, event_at, created_at) VALUES ('tx_10000003_22', 'acc_life_10000003', 110, 'out', 'other', '振込手数料（ＩＢ）', '振込手数料（ＩＢ）', 1, 0, 1, 22301, 1722297600000, 1757066905208);
INSERT INTO transactions (id, account_id, amount, sign, purpose, memo, original_description, is_auto_categorized, is_pending, can_edit, original_code, event_at, created_at) VALUES ('tx_10000003_23', 'acc_life_10000003', 4400, 'out', 'other', 'インターネット振込', 'インターネット振込', 0, 1, 1, 22800, 1722297600000, 1757066905208);
INSERT INTO transactions (id, account_id, amount, sign, purpose, memo, original_description, is_auto_categorized, is_pending, can_edit, original_code, event_at, created_at) VALUES ('tx_10000003_24', 'acc_life_10000003', 29292, 'out', 'other', '借入返済金', '借入返済金', 0, 0, 1, 16700, 1722211200000, 1757066905208);
INSERT INTO transactions (id, account_id, amount, sign, purpose, memo, original_description, is_auto_categorized, is_pending, can_edit, original_code, event_at, created_at) VALUES ('tx_10000003_25', 'acc_life_10000003', 5700, 'out', 'other', '生命保険料', '生命保険料', 1, 0, 1, 16500, 1721952000000, 1757066905208);
INSERT INTO transactions (id, account_id, amount, sign, purpose, memo, original_description, is_auto_categorized, is_pending, can_edit, original_code, event_at, created_at) VALUES ('tx_10000003_26', 'acc_life_10000003', 110, 'out', 'other', '振込手数料（ＩＢ）', '振込手数料（ＩＢ）', 1, 0, 1, 22301, 1721865600000, 1757066905208);
INSERT INTO transactions (id, account_id, amount, sign, purpose, memo, original_description, is_auto_categorized, is_pending, can_edit, original_code, event_at, created_at) VALUES ('tx_10000003_27', 'acc_life_10000003', 5500, 'out', 'other', 'インターネット振込', 'インターネット振込', 0, 1, 1, 22800, 1721865600000, 1757066905208);
INSERT INTO transactions (id, account_id, amount, sign, purpose, memo, original_description, is_auto_categorized, is_pending, can_edit, original_code, event_at, created_at) VALUES ('tx_10000003_28', 'acc_life_10000003', 450000, 'in', 'other', '振込', '振込', 0, 1, 1, 2600, 1721865600000, 1757066905208);
INSERT INTO transactions (id, account_id, amount, sign, purpose, memo, original_description, is_auto_categorized, is_pending, can_edit, original_code, event_at, created_at) VALUES ('tx_10000003_29', 'acc_life_10000003', 6666, 'out', 'utilities', '電話料金', '電話料金', 1, 0, 1, 15400, 1721088000000, 1757066905208);
INSERT INTO transactions (id, account_id, amount, sign, purpose, memo, original_description, is_auto_categorized, is_pending, can_edit, original_code, event_at, created_at) VALUES ('tx_10000003_30', 'acc_life_10000003', 4400, 'out', 'other', 'インターネット振込', 'インターネット振込', 0, 1, 1, 22800, 1721088000000, 1757066905208);
INSERT INTO transactions (id, account_id, amount, sign, purpose, memo, original_description, is_auto_categorized, is_pending, can_edit, original_code, event_at, created_at) VALUES ('tx_10000003_31', 'acc_life_10000003', 110, 'out', 'other', '振込手数料（ＩＢ）', '振込手数料（ＩＢ）', 1, 0, 1, 22301, 1721088000000, 1757066905208);
INSERT INTO transactions (id, account_id, amount, sign, purpose, memo, original_description, is_auto_categorized, is_pending, can_edit, original_code, event_at, created_at) VALUES ('tx_10000003_32', 'acc_life_10000003', 2222, 'out', 'other', 'インターネット振込', 'インターネット振込', 0, 1, 1, 22800, 1721001600000, 1757066905208);
INSERT INTO transactions (id, account_id, amount, sign, purpose, memo, original_description, is_auto_categorized, is_pending, can_edit, original_code, event_at, created_at) VALUES ('tx_10000003_33', 'acc_life_10000003', 110, 'out', 'other', '振込手数料（ＩＢ）', '振込手数料（ＩＢ）', 1, 0, 1, 22301, 1721001600000, 1757066905208);
INSERT INTO transactions (id, account_id, amount, sign, purpose, memo, original_description, is_auto_categorized, is_pending, can_edit, original_code, event_at, created_at) VALUES ('tx_10000003_34', 'acc_life_10000003', 300000, 'out', 'other', '銀行間提携', '銀行間提携', 0, 1, 1, 10600, 1720742400000, 1757066905208);
INSERT INTO transactions (id, account_id, amount, sign, purpose, memo, original_description, is_auto_categorized, is_pending, can_edit, original_code, event_at, created_at) VALUES ('tx_10000003_35', 'acc_life_10000003', 220, 'out', 'other', 'コンビニＡＴＭ利用料', 'コンビニＡＴＭ利用料', 1, 0, 1, 17305, 1720742400000, 1757066905208);
INSERT INTO transactions (id, account_id, amount, sign, purpose, memo, original_description, is_auto_categorized, is_pending, can_edit, original_code, event_at, created_at) VALUES ('tx_10000003_36', 'acc_life_10000003', 333333, 'in', 'salary', '給与振込', '給与振込', 1, 0, 1, 2000, 1720742400000, 1757066905208);
INSERT INTO transactions (id, account_id, amount, sign, purpose, memo, original_description, is_auto_categorized, is_pending, can_edit, original_code, event_at, created_at) VALUES ('tx_10000003_37', 'acc_life_10000003', 5000, 'out', 'other', 'インターネット振込', 'インターネット振込', 0, 1, 1, 22800, 1720656000000, 1757066905208);
INSERT INTO transactions (id, account_id, amount, sign, purpose, memo, original_description, is_auto_categorized, is_pending, can_edit, original_code, event_at, created_at) VALUES ('tx_10000003_38', 'acc_life_10000003', 110, 'out', 'other', '振込手数料（ＩＢ）', '振込手数料（ＩＢ）', 1, 0, 1, 22301, 1720656000000, 1757066905208);
INSERT INTO transactions (id, account_id, amount, sign, purpose, memo, original_description, is_auto_categorized, is_pending, can_edit, original_code, event_at, created_at) VALUES ('tx_10000003_39', 'acc_life_10000003', 14141, 'in', 'other', '振込', '振込', 0, 1, 1, 2600, 1720569600000, 1757066905208);
INSERT INTO transactions (id, account_id, amount, sign, purpose, memo, original_description, is_auto_categorized, is_pending, can_edit, original_code, event_at, created_at) VALUES ('tx_10000003_40', 'acc_life_10000003', 600, 'in', 'other', 'キャッシュバック', 'キャッシュバック', 1, 0, 1, 51000, 1719792000000, 1757066905208);
INSERT INTO transactions (id, account_id, amount, sign, purpose, memo, original_description, is_auto_categorized, is_pending, can_edit, original_code, event_at, created_at) VALUES ('tx_10000003_41', 'acc_life_10000003', 550, 'in', 'other', 'ＩＢ振込手数料キャッシュバック', 'ＩＢ振込手数料キャッシュバック', 1, 0, 1, 57400, 1719792000000, 1757066905208);
INSERT INTO transactions (id, account_id, amount, sign, purpose, memo, original_description, is_auto_categorized, is_pending, can_edit, original_code, event_at, created_at) VALUES ('tx_10000003_42', 'acc_life_10000003', 110, 'out', 'other', '振込手数料（ＩＢ）', '振込手数料（ＩＢ）', 1, 0, 1, 22301, 1719619200000, 1757066905208);
INSERT INTO transactions (id, account_id, amount, sign, purpose, memo, original_description, is_auto_categorized, is_pending, can_edit, original_code, event_at, created_at) VALUES ('tx_10000003_43', 'acc_life_10000003', 7777, 'out', 'other', 'インターネット振込', 'インターネット振込', 0, 1, 1, 22800, 1719619200000, 1757066905208);
INSERT INTO transactions (id, account_id, amount, sign, purpose, memo, original_description, is_auto_categorized, is_pending, can_edit, original_code, event_at, created_at) VALUES ('tx_10000003_44', 'acc_life_10000003', 4444, 'out', 'other', 'その他振替', 'その他振替', 0, 1, 1, 17000, 1719446400000, 1757066905208);
INSERT INTO transactions (id, account_id, amount, sign, purpose, memo, original_description, is_auto_categorized, is_pending, can_edit, original_code, event_at, created_at) VALUES ('tx_10000003_45', 'acc_life_10000003', 5500, 'out', 'other', 'インターネット振込', 'インターネット振込', 0, 1, 1, 22800, 1719360000000, 1757066905208);
INSERT INTO transactions (id, account_id, amount, sign, purpose, memo, original_description, is_auto_categorized, is_pending, can_edit, original_code, event_at, created_at) VALUES ('tx_10000003_46', 'acc_life_10000003', 5555, 'out', 'other', '生命保険料', '生命保険料', 1, 0, 1, 16500, 1719360000000, 1757066905208);
INSERT INTO transactions (id, account_id, amount, sign, purpose, memo, original_description, is_auto_categorized, is_pending, can_edit, original_code, event_at, created_at) VALUES ('tx_10000003_47', 'acc_life_10000003', 110, 'out', 'other', '振込手数料（ＩＢ）', '振込手数料（ＩＢ）', 1, 0, 1, 22301, 1719360000000, 1757066905208);
INSERT INTO transactions (id, account_id, amount, sign, purpose, memo, original_description, is_auto_categorized, is_pending, can_edit, original_code, event_at, created_at) VALUES ('tx_10000003_48', 'acc_life_10000003', 22000, 'in', 'other', '銀行間提携', '銀行間提携', 0, 1, 1, 10600, 1719100800000, 1757066905208);
INSERT INTO transactions (id, account_id, amount, sign, purpose, memo, original_description, is_auto_categorized, is_pending, can_edit, original_code, event_at, created_at) VALUES ('tx_10000003_49', 'acc_life_10000003', 220, 'out', 'other', 'コンビニＡＴＭ利用料', 'コンビニＡＴＭ利用料', 1, 0, 1, 17305, 1718928000000, 1757066905208);
INSERT INTO transactions (id, account_id, amount, sign, purpose, memo, original_description, is_auto_categorized, is_pending, can_edit, original_code, event_at, created_at) VALUES ('tx_10000003_50', 'acc_life_10000003', 3000, 'out', 'other', '銀行間提携', '銀行間提携', 0, 1, 1, 10600, 1718928000000, 1757066905208);
INSERT INTO transactions (id, account_id, amount, sign, purpose, memo, original_description, is_auto_categorized, is_pending, can_edit, original_code, event_at, created_at) VALUES ('tx_10000003_51', 'acc_life_10000003', 10000, 'in', 'other', '振込', '振込', 0, 1, 1, 2600, 1718582400000, 1757066905208);
INSERT INTO transactions (id, account_id, amount, sign, purpose, memo, original_description, is_auto_categorized, is_pending, can_edit, original_code, event_at, created_at) VALUES ('tx_10000003_52', 'acc_life_10000003', 6000, 'out', 'utilities', '電話料金', '電話料金', 1, 0, 1, 15400, 1718582400000, 1757066905208);
INSERT INTO transactions (id, account_id, amount, sign, purpose, memo, original_description, is_auto_categorized, is_pending, can_edit, original_code, event_at, created_at) VALUES ('tx_10000003_53', 'acc_life_10000003', 362000, 'in', 'salary', '給与振込', '給与振込', 1, 0, 1, 2000, 1718323200000, 1757066905208);
INSERT INTO transactions (id, account_id, amount, sign, purpose, memo, original_description, is_auto_categorized, is_pending, can_edit, original_code, event_at, created_at) VALUES ('tx_10000003_54', 'acc_life_10000003', 110, 'out', 'other', '振込手数料（ＩＢ）', '振込手数料（ＩＢ）', 1, 0, 1, 22301, 1718323200000, 1757066905208);
INSERT INTO transactions (id, account_id, amount, sign, purpose, memo, original_description, is_auto_categorized, is_pending, can_edit, original_code, event_at, created_at) VALUES ('tx_10000003_55', 'acc_life_10000003', 9000, 'out', 'other', 'インターネット振込', 'インターネット振込', 0, 1, 1, 22800, 1718323200000, 1757066905208);
INSERT INTO transactions (id, account_id, amount, sign, purpose, memo, original_description, is_auto_categorized, is_pending, can_edit, original_code, event_at, created_at) VALUES ('tx_10000003_56', 'acc_life_10000003', 110, 'out', 'other', '振込手数料（ＩＢ）', '振込手数料（ＩＢ）', 1, 0, 1, 22301, 1718323200000, 1757066905208);
INSERT INTO transactions (id, account_id, amount, sign, purpose, memo, original_description, is_auto_categorized, is_pending, can_edit, original_code, event_at, created_at) VALUES ('tx_10000003_57', 'acc_life_10000003', 220, 'out', 'other', 'コンビニＡＴＭ利用料', 'コンビニＡＴＭ利用料', 1, 0, 1, 17305, 1718323200000, 1757066905208);
INSERT INTO transactions (id, account_id, amount, sign, purpose, memo, original_description, is_auto_categorized, is_pending, can_edit, original_code, event_at, created_at) VALUES ('tx_10000003_58', 'acc_life_10000003', 344000, 'out', 'other', '銀行間提携', '銀行間提携', 0, 1, 1, 10600, 1718323200000, 1757066905208);
INSERT INTO transactions (id, account_id, amount, sign, purpose, memo, original_description, is_auto_categorized, is_pending, can_edit, original_code, event_at, created_at) VALUES ('tx_10000003_59', 'acc_life_10000003', 4600, 'out', 'other', 'インターネット振込', 'インターネット振込', 0, 1, 1, 22800, 1718323200000, 1757066905208);
INSERT INTO transactions (id, account_id, amount, sign, purpose, memo, original_description, is_auto_categorized, is_pending, can_edit, original_code, event_at, created_at) VALUES ('tx_10000003_60', 'acc_life_10000003', 1400, 'out', 'other', 'インターネット振込', 'インターネット振込', 0, 1, 1, 22800, 1718236800000, 1757066905208);
INSERT INTO transactions (id, account_id, amount, sign, purpose, memo, original_description, is_auto_categorized, is_pending, can_edit, original_code, event_at, created_at) VALUES ('tx_10000003_61', 'acc_life_10000003', 110, 'out', 'other', '振込手数料（ＩＢ）', '振込手数料（ＩＢ）', 1, 0, 1, 22301, 1718236800000, 1757066905208);
INSERT INTO transactions (id, account_id, amount, sign, purpose, memo, original_description, is_auto_categorized, is_pending, can_edit, original_code, event_at, created_at) VALUES ('tx_10000003_62', 'acc_life_10000003', 1500, 'in', 'other', '振込', '振込', 0, 1, 1, 2600, 1718064000000, 1757066905208);
INSERT INTO transactions (id, account_id, amount, sign, purpose, memo, original_description, is_auto_categorized, is_pending, can_edit, original_code, event_at, created_at) VALUES ('tx_10000003_63', 'acc_life_10000003', 6300, 'in', 'other', '振込', '振込', 0, 1, 1, 2600, 1717977600000, 1757066905208);
INSERT INTO transactions (id, account_id, amount, sign, purpose, memo, original_description, is_auto_categorized, is_pending, can_edit, original_code, event_at, created_at) VALUES ('tx_10000003_64', 'acc_life_10000003', 3000, 'out', 'other', 'クレジットカード', 'クレジットカード', 0, 1, 1, 11000, 1717545600000, 1757066905208);
INSERT INTO transactions (id, account_id, amount, sign, purpose, memo, original_description, is_auto_categorized, is_pending, can_edit, original_code, event_at, created_at) VALUES ('tx_10000003_65', 'acc_life_10000003', 220, 'out', 'other', 'コンビニＡＴＭ利用料', 'コンビニＡＴＭ利用料', 1, 0, 1, 17305, 1717459200000, 1757066905208);
INSERT INTO transactions (id, account_id, amount, sign, purpose, memo, original_description, is_auto_categorized, is_pending, can_edit, original_code, event_at, created_at) VALUES ('tx_10000003_66', 'acc_life_10000003', 21000, 'out', 'other', '銀行間提携', '銀行間提携', 0, 1, 1, 10600, 1717459200000, 1757066905208);
INSERT INTO transactions (id, account_id, amount, sign, purpose, memo, original_description, is_auto_categorized, is_pending, can_edit, original_code, event_at, created_at) VALUES ('tx_10000003_67', 'acc_life_10000003', 220, 'in', 'other', 'キャッシュバック', 'キャッシュバック', 1, 0, 1, 51000, 1717372800000, 1757066905208);
INSERT INTO transactions (id, account_id, amount, sign, purpose, memo, original_description, is_auto_categorized, is_pending, can_edit, original_code, event_at, created_at) VALUES ('tx_10000003_68', 'acc_life_10000003', 550, 'in', 'other', 'ＩＢ振込手数料キャッシュバック', 'ＩＢ振込手数料キャッシュバック', 1, 0, 1, 57400, 1717372800000, 1757066905208);
INSERT INTO transactions (id, account_id, amount, sign, purpose, memo, original_description, is_auto_categorized, is_pending, can_edit, original_code, event_at, created_at) VALUES ('tx_10000003_69', 'acc_life_10000003', 2400, 'in', 'other', '振込', '振込', 0, 1, 1, 2600, 1717372800000, 1757066905208);
INSERT INTO transactions (id, account_id, amount, sign, purpose, memo, original_description, is_auto_categorized, is_pending, can_edit, original_code, event_at, created_at) VALUES ('tx_10000003_70', 'acc_life_10000003', 20300, 'in', 'other', '振込', '振込', 0, 1, 1, 2600, 1717372800000, 1757066905208);

-- Rewards
INSERT INTO rewards (id, slug, title, description, min_score, terms_url, active, created_at) VALUES ('reward_1', 'gold-member', 'ゴールド会員', '推し活安心度スコア80点以上で利用可能。手数料無料や優先サポートが受けられます。', 80, null, 1, 1757066905207);
INSERT INTO rewards (id, slug, title, description, min_score, terms_url, active, created_at) VALUES ('reward_2', 'exclusive-shop', '限定オンラインショップ', '推し活安心度スコア60点以上で利用可能。限定グッズを優先購入できます。', 60, null, 1, 1757066905207);
INSERT INTO rewards (id, slug, title, description, min_score, terms_url, active, created_at) VALUES ('reward_3', 'storage-service', '荷物預かりサービス', '推し活安心度スコア40点以上で利用可能。イベント時の荷物を無料で預かります。', 40, null, 1, 1757066905207);
INSERT INTO rewards (id, slug, title, description, min_score, terms_url, active, created_at) VALUES ('reward_4', 'low-interest-loan', '低金利ローン', '推し活安心度スコア70点以上で利用可能。高額グッズの分割払いが優遇金利で利用できます。', 70, null, 1, 1757066905207);

-- Scores
INSERT INTO scores (id, user_id, score, label, snapshot_at, factors, created_at) VALUES ('score_user_10000001', 'user_10000001', 60, '安心', 1722384000000, '{"incomeRatioScore":30,"surplusScore":20,"recommendedAmountScore":10,"incomeRatio":15,"surplusRatio":0.8,"recommendedDeviation":20}', 1757066905211);
INSERT INTO scores (id, user_id, score, label, snapshot_at, factors, created_at) VALUES ('score_user_10000002', 'user_10000002', 70, '安心', 1722384000000, '{"incomeRatioScore":35,"surplusScore":25,"recommendedAmountScore":15,"incomeRatio":17,"surplusRatio":0.9,"recommendedDeviation":15}', 1757066905211);
INSERT INTO scores (id, user_id, score, label, snapshot_at, factors, created_at) VALUES ('score_user_10000003', 'user_10000003', 80, 'とても安心', 1722384000000, '{"incomeRatioScore":40,"surplusScore":30,"recommendedAmountScore":20,"incomeRatio":19,"surplusRatio":1,"recommendedDeviation":10}', 1757066905211);